Fon,Adet,Başlangıç Fiyat,Başlangıç Tarih
TI3,382485.9675460656,0.104579,2026-09-17
CKL,2705.4695031171923,1.600639,2026-09-17
DLN,1588.8899506870591,2.637036,2026-09-17
ICH,1681.5216222891622,2.437346,2026-09-17
TVH,206934.72949389182,0.014325,2026-09-17
VEL,6983.58766639218,0.404391,2026-09-17
THE,196610.884545071,0.014222,2026-09-17
AZD,2499.6309903681777,1.117857,2026-09-17
FOA,164406.9497585147,0.015943,2026-09-17
PPF,4304.930655666833,5.433537,2026-09-17
TUA,3423.0444831476675,1.460688,2026-09-17
IPV,63.20402489298105,79.108886,2026-09-17
