tarih,ZPG,GLS,IAT
2021-09-22,2.136367,0.034787,0.043561
2021-09-23,2.137361,0.034804,0.043586
2021-09-24,2.138359,0.034822,0.043602
2021-09-27,2.141569,0.034876,0.043656
2021-09-28,2.142905,0.034897,0.043697
2021-09-29,2.143886,0.034914,0.043715
2021-09-30,2.144878,0.034931,0.043734
2021-10-01,2.145856,0.034948,0.04375
2021-10-04,2.148545,0.034996,0.043806
2021-10-05,2.149508,0.035013,0.043826
2021-10-06,2.150668,0.035032,0.043846
2021-10-07,2.151626,0.035048,0.043863
2021-10-08,2.152539,0.035064,0.043878
2021-10-11,2.155456,0.035047,0.043946
2021-10-12,2.156412,0.035074,0.043961
2021-10-13,2.157369,0.035117,0.043972
2021-10-14,2.158283,0.035141,0.043989
2021-10-15,2.159223,0.035199,0.044001
2021-10-18,2.162107,0.035291,0.044054
2021-10-19,2.163069,0.03533,0.044079
2021-10-20,2.164032,0.035352,0.044107
2021-10-21,2.164995,0.035378,0.044127
2021-10-22,2.165942,0.035387,0.044146
2021-10-25,2.168992,0.035529,0.044212
2021-10-26,2.170081,0.03559,0.044235
2021-10-27,2.171126,0.03552,0.044252
2021-10-28,2.172244,0.035544,0.044273
2021-11-01,2.17591,0.035606,0.044346
2021-11-02,2.177094,0.035631,0.044404
2021-11-03,2.177971,0.035645,0.044421
2021-11-04,2.179814,0.035687,0.044448
2021-11-05,2.181219,0.035711,0.044469
2021-11-08,2.184028,0.035762,0.044524
2021-11-09,2.1851,0.035778,0.044545
2021-11-10,2.185908,0.035793,0.044558
2021-11-11,2.187265,0.035808,0.044584
2021-11-12,2.188777,0.035826,0.044602
2021-11-15,2.191612,0.035876,0.044657
2021-11-16,2.192597,0.035898,0.044675
2021-11-17,2.194219,0.035915,0.044695
2021-11-18,2.19756,0.035932,0.044716
2021-11-19,2.203778,0.035949,0.044735
2021-11-22,2.210035,0.036003,0.044791
2021-11-23,2.212893,0.03602,0.04486
2021-11-24,2.221398,0.036037,0.044879
2021-11-25,2.226941,0.036053,0.044904
2021-11-26,2.222074,0.03607,0.044889
2021-11-29,2.224486,0.03612,0.044944
2021-11-30,2.235122,0.03614,0.044962
2021-12-01,2.240422,0.036156,0.044978
2021-12-02,2.246497,0.036172,0.044969
2021-12-03,2.247346,0.036189,0.044979
2021-12-06,2.252175,0.036243,0.045034
2021-12-07,2.253598,0.03626,0.045051
2021-12-08,2.253218,0.036276,0.04506
2021-12-09,2.255087,0.036291,0.045077
2021-12-10,2.257717,0.036305,0.045086
2021-12-13,2.261302,0.036354,0.045134
2021-12-14,2.268028,0.036371,0.04515
2021-12-15,2.267541,0.036387,0.045168
2021-12-16,2.275567,0.036404,0.045219
2021-12-17,2.283701,0.036422,0.045168
2021-12-20,2.303715,0.036473,0.045227
2021-12-21,2.313494,0.036526,0.045232
2021-12-22,2.254679,0.036543,0.045245
2021-12-23,2.247931,0.036558,0.045264
2021-12-24,2.235211,0.036575,0.045281
2021-12-27,2.241567,0.036626,0.045353
2021-12-28,2.237461,0.036647,0.04537
2021-12-29,2.244823,0.036666,0.04539
2021-12-30,2.251062,0.036676,0.045404
2021-12-31,2.263208,0.036689,0.045405
2022-01-03,2.273779,0.036742,0.045533
2022-01-04,2.276138,0.036759,0.045555
2022-01-05,2.273858,0.036775,0.045581
2022-01-06,2.277783,0.036797,0.045592
2022-01-07,2.282703,0.036813,0.045561
2022-01-10,2.287699,0.03686,0.04562
2022-01-11,2.287758,0.036876,0.045637
2022-01-12,2.288239,0.036896,0.045631
2022-01-13,2.289616,0.036911,0.045662
2022-01-14,2.288667,0.036922,0.045709
2022-01-17,2.291092,0.036973,0.045761
2022-01-18,2.291279,0.03699,0.045778
2022-01-19,2.292733,0.037007,0.045795
2022-01-20,2.294365,0.037023,0.04581
2022-01-21,2.293164,0.03704,0.045828
2022-01-24,2.295311,0.037091,0.045947
2022-01-25,2.296526,0.037108,0.045963
2022-01-26,2.299454,0.037125,0.045986
2022-01-27,2.301637,0.037142,0.046017
2022-01-28,2.303938,0.037159,0.04605
2022-01-31,2.307013,0.037211,0.046152
2022-02-01,2.304837,0.037228,0.046188
2022-02-02,2.305799,0.037246,0.046238
2022-02-03,2.30795,0.037264,0.046299
2022-02-04,2.311064,0.037281,0.046381
2022-02-07,2.314738,0.037336,0.046551
2022-02-08,2.315976,0.037354,0.046626
2022-02-09,2.318292,0.037371,0.046702
2022-02-10,2.318131,0.037387,0.046781
2022-02-11,2.319344,0.037402,0.046849
2022-02-14,2.322636,0.037455,0.046963
2022-02-15,2.324694,0.037473,0.047023
2022-02-16,2.334388,0.037491,0.047057
2022-02-17,2.335879,0.037509,0.047076
2022-02-18,2.334877,0.037527,0.047117
2022-02-21,2.339,0.037582,0.047198
2022-02-22,2.34016,0.0376,0.047273
2022-02-23,2.343807,0.037619,0.047293
2022-02-24,2.345341,0.037642,0.047374
2022-02-25,2.350484,0.03766,0.047438
2022-02-28,2.352458,0.037715,0.047472
2022-03-01,2.350163,0.037735,0.04742
2022-03-02,2.352716,0.037753,0.047462
2022-03-03,2.356513,0.037771,0.047519
2022-03-04,2.357757,0.037788,0.047589
2022-03-07,2.359954,0.037845,0.047702
2022-03-08,2.359075,0.037864,0.047788
2022-03-09,2.363186,0.037882,0.047811
2022-03-10,2.367608,0.037895,0.047842
2022-03-11,2.372356,0.037911,0.047847
2022-03-14,2.379373,0.037964,0.047933
2022-03-15,2.378104,0.037979,0.047975
2022-03-16,2.380212,0.037996,0.04799
2022-03-17,2.38313,0.038008,0.048014
2022-03-18,2.384563,0.038026,0.04804
2022-03-21,2.389849,0.038088,0.04818
2022-03-22,2.391896,0.038107,0.048223
2022-03-23,2.392237,0.038123,0.048298
2022-03-24,2.393868,0.038141,0.048325
2022-03-25,2.395385,0.038158,0.048351
2022-03-28,2.398964,0.038215,0.048452
2022-03-29,2.401023,0.038233,0.048488
2022-03-30,2.40202,0.038253,0.0485
2022-03-31,2.401238,0.038271,0.048524
2022-04-01,2.403012,0.038291,0.048557
2022-04-04,2.406095,0.038344,0.048657
2022-04-05,2.407748,0.038363,0.048685
2022-04-06,2.408496,0.038381,0.04869
2022-04-07,2.409245,0.038399,0.048768
2022-04-08,2.41052,0.038418,0.048796
2022-04-11,2.41166,0.038467,0.048857
2022-04-12,2.430207,0.038484,0.048894
2022-04-13,2.430897,0.038501,0.048915
2022-04-14,2.431519,0.038517,0.048953
2022-04-15,2.433685,0.038535,0.048993
2022-04-18,2.438219,0.038593,0.049071
2022-04-19,2.439443,0.038611,0.049111
2022-04-20,2.441021,0.03863,0.049127
2022-04-21,2.44258,0.038647,0.049156
2022-04-22,2.444836,0.038665,0.049223
2022-04-25,2.448347,0.03872,0.049305
2022-04-26,2.450652,0.038738,0.049369
2022-04-27,2.453534,0.038755,0.049404
2022-04-28,2.455,0.038772,0.049409
2022-04-29,2.456672,0.038789,0.049451
2022-05-05,2.463801,0.038891,0.049624
2022-05-06,2.464324,0.038908,0.049745
2022-05-09,2.465257,0.03896,0.049859
2022-05-10,2.465683,0.038978,0.049884
2022-05-11,2.470977,0.038995,0.049957
2022-05-12,2.474307,0.039011,0.050049
2022-05-13,2.476499,0.039025,0.050117
2022-05-16,2.478349,0.039071,0.050175
2022-05-17,2.47831,0.039087,0.050221
2022-05-18,2.484908,0.039104,0.050276
2022-05-20,2.489669,0.039139,0.050374
2022-05-23,2.491524,0.03919,0.050479
2022-05-24,2.490703,0.039208,0.05049
2022-05-25,2.496687,0.039226,0.050517
2022-05-26,2.504366,0.039244,0.050543
2022-05-27,2.508578,0.039262,0.050648
2022-05-30,2.511602,0.039316,0.050726
2022-05-31,2.511214,0.039334,0.050742
2022-06-01,2.51283,0.039354,0.050775
2022-06-02,2.514959,0.039372,0.050843
2022-06-03,2.516902,0.03939,0.050927
2022-06-06,2.522614,0.039446,0.050992
2022-06-07,2.523537,0.039465,0.050988
2022-06-08,2.529635,0.039484,0.051027
2022-06-09,2.545827,0.039503,0.051096
2022-06-10,2.549421,0.039516,0.05114
2022-06-13,2.540081,0.039566,0.05124
2022-06-14,2.53979,0.039584,0.051284
2022-06-15,2.541023,0.039603,0.051317
2022-06-16,2.54442,0.039622,0.051348
2022-06-17,2.547715,0.039637,0.051385
2022-06-20,2.55631,0.039697,0.051481
2022-06-21,2.554219,0.039709,0.051499
2022-06-22,2.557752,0.039737,0.051536
2022-06-23,2.560383,0.039757,0.051557
2022-06-24,2.562788,0.039776,0.05152
2022-06-27,2.567418,0.039838,0.051611
2022-06-28,2.542315,0.03987,0.051483
2022-06-29,2.542142,0.039874,0.051421
2022-06-30,2.543387,0.039911,0.05163
2022-07-01,2.54223,0.039933,0.051606
2022-07-04,2.549407,0.039997,0.051697
2022-07-05,2.554223,0.040019,0.05173
2022-07-06,2.561443,0.040041,0.051759
2022-07-07,2.570253,0.040045,0.051719
2022-07-08,2.572384,0.040066,0.051446
2022-07-13,2.57736,0.040169,0.051589
2022-07-14,2.578625,0.04019,0.051617
2022-07-18,2.584689,0.040276,0.051716
2022-07-19,2.588322,0.040298,0.051757
2022-07-20,2.592095,0.04032,0.051776
2022-07-21,2.596062,0.040342,0.051804
2022-07-22,2.600934,0.040364,0.051832
2022-07-25,2.607566,0.040429,0.051914
2022-07-26,2.612071,0.040452,0.051945
2022-07-27,2.616717,0.040474,0.052016
2022-07-28,2.619278,0.040497,0.052037
2022-07-29,2.621113,0.040519,0.052066
2022-08-01,2.623905,0.040586,0.052153
2022-08-02,2.625757,0.040608,0.051956
2022-08-03,2.627832,0.04063,0.052144
2022-08-04,2.62847,0.040653,0.052003
2022-08-05,2.629825,0.040675,0.052021
2022-08-08,2.634096,0.040741,0.05209
2022-08-09,2.636556,0.040763,0.052128
2022-08-10,2.638117,0.040783,0.052205
2022-08-11,2.640981,0.040802,0.052294
2022-08-12,2.642022,0.040822,0.0523
2022-08-15,2.646225,0.040889,0.05241
2022-08-16,2.647883,0.04091,0.052534
2022-08-17,2.650254,0.040931,0.052615
2022-08-18,2.651585,0.040954,0.052703
2022-08-19,2.653246,0.040975,0.052847
2022-08-22,2.662377,0.041039,0.053147
2022-08-23,2.665821,0.041056,0.053397
2022-08-24,2.668817,0.041077,0.053632
2022-08-25,2.671598,0.041098,0.053838
2022-08-26,2.673812,0.041118,0.053896
2022-08-29,2.684074,0.041182,0.054061
2022-08-31,2.687826,0.041225,0.054065
2022-09-01,2.689645,0.041237,0.054094
2022-09-02,2.691489,0.041244,0.054108
2022-09-05,2.695414,0.041295,0.054266
2022-09-06,2.696689,0.04156,0.054292
2022-09-07,2.697829,0.041588,0.054363
2022-09-08,2.699219,0.041612,0.054516
2022-09-09,2.702029,0.041631,0.054601
2022-09-12,2.705721,0.041675,0.054682
2022-09-13,2.706751,0.041698,0.0547
2022-09-14,2.707909,0.041717,0.054736
2022-09-15,2.709259,0.041741,0.054759
2022-09-16,2.710601,0.041764,0.054803
2022-09-19,2.714249,0.041845,0.054896
2022-09-20,2.715317,0.041871,0.054916
2022-09-21,2.716733,0.041895,0.05499
2022-09-22,2.718525,0.041922,0.055097
2022-09-23,2.720714,0.041965,0.055188
2022-09-26,2.724883,0.042035,0.055265
2022-09-27,2.727066,0.042036,0.055301
2022-09-28,2.728621,0.042069,0.055328
2022-09-29,2.729789,0.042081,0.055386
2022-09-30,2.731524,0.042118,0.055421
2022-10-03,2.735346,0.042197,0.055499
2022-10-04,2.736461,0.042232,0.055514
2022-10-05,2.73771,0.042259,0.055601
2022-10-06,2.738932,0.042268,0.055605
2022-10-07,2.741627,0.042276,0.055704
2022-10-10,2.745918,0.042306,0.055791
2022-10-11,2.74689,0.042321,0.055812
2022-10-12,2.748305,0.042342,0.05584
2022-10-13,2.74948,0.042349,0.055908
2022-10-14,2.750709,0.042334,0.055929
2022-10-17,2.754457,0.042417,0.056004
2022-10-18,2.757091,0.042468,0.056035
2022-10-19,2.758129,0.042505,0.05603
2022-10-20,2.759414,0.042529,0.05612
2022-10-21,2.761396,0.04253,0.056207
2022-10-24,2.764515,0.042579,0.056239
2022-10-25,2.765947,0.042636,0.056376
2022-10-26,2.768125,0.042684,0.056456
2022-10-27,2.769749,0.042753,0.056485
2022-10-28,2.771988,0.042772,0.056564
2022-10-31,2.775815,0.042831,0.056638
2022-11-01,2.777333,0.04285,0.056667
2022-11-02,2.77877,0.042882,0.05677
2022-11-03,2.783333,0.042898,0.05695
2022-11-04,2.784721,0.042911,0.056978
2022-11-07,2.788732,0.043004,0.057058
2022-11-08,2.78974,0.043065,0.057148
2022-11-09,2.792129,0.04308,0.057235
2022-11-10,2.793417,0.043124,0.057263
2022-11-11,2.794686,0.043153,0.057281
2022-11-14,2.797995,0.043254,0.057291
2022-11-15,2.800127,0.043321,0.057247
2022-11-16,2.802093,0.043367,0.057272
2022-11-17,2.803892,0.043381,0.057302
2022-11-18,2.805336,0.043352,0.057184
2022-11-21,2.809483,0.043387,0.057278
2022-11-22,2.811629,0.043403,0.057379
2022-11-23,2.813142,0.043448,0.057446
2022-11-24,2.814656,0.043496,0.057496
2022-11-25,2.81597,0.043525,0.05751
2022-11-28,2.820249,0.043624,0.057598
2022-11-29,2.821754,0.043648,0.05763
2022-11-30,2.823799,0.044046,0.057662
2022-12-01,2.825506,0.044175,0.057684
2022-12-02,2.830328,0.044192,0.057739
2022-12-05,2.834685,0.044279,0.057823
2022-12-06,2.83615,0.044344,0.057849
2022-12-07,2.837729,0.044376,0.057879
2022-12-08,2.839434,0.04439,0.057911
2022-12-09,2.841176,0.04441,0.057943
2022-12-12,2.845114,0.044454,0.058021
2022-12-13,2.84654,0.04469,0.05807
2022-12-14,2.848266,0.044711,0.0581
2022-12-15,2.849762,0.044732,0.058128
2022-12-16,2.850867,0.044751,0.058149
2022-12-19,2.855885,0.044807,0.05824
2022-12-20,2.858675,0.044838,0.058281
2022-12-21,2.860707,0.044863,0.058313
2022-12-22,2.862232,0.044886,0.058367
2022-12-23,2.86383,0.044914,0.058422
2022-12-26,2.868455,0.045011,0.058507
2022-12-27,2.873334,0.045034,0.058538
2022-12-28,2.875082,0.045062,0.058571
2022-12-29,2.876985,0.045087,0.058604
2022-12-30,2.877917,0.045111,0.058633
2023-01-02,2.879444,0.045181,0.058714
2023-01-03,2.88042,0.045205,0.058739
2023-01-04,2.882033,0.04523,0.058767
2023-01-05,2.883618,0.045255,0.058803
2023-01-06,2.885353,0.045281,0.058826
2023-01-09,2.889952,0.045354,0.058909
2023-01-10,2.891506,0.045379,0.05894
2023-01-11,2.891947,0.045399,0.058965
2023-01-12,2.893482,0.045419,0.058994
2023-01-13,2.89502,0.045435,0.059019
2023-01-16,2.900336,0.045506,0.059105
2023-01-17,2.901932,0.045531,0.059128
2023-01-18,2.903459,0.045554,0.059159
2023-01-19,2.90489,0.045579,0.059197
2023-01-20,2.906293,0.045604,0.059228
2023-01-23,2.910215,0.045683,0.059311
2023-01-24,2.911926,0.045708,0.059339
2023-01-25,2.913149,0.04573,0.059368
2023-01-26,2.914981,0.045756,0.059395
2023-01-27,2.916484,0.04578,0.059422
2023-01-30,2.920906,0.045852,0.059505
2023-01-31,2.922458,0.045876,0.059534
2023-02-01,2.924519,0.045901,0.059564
2023-02-02,2.926001,0.045925,0.059592
2023-02-03,2.927596,0.045949,0.05962
2023-02-06,2.93246,0.046022,0.059705
2023-02-07,2.934143,0.046048,0.059734
2023-02-08,2.936657,0.046072,0.059757
2023-02-09,2.938149,0.046096,0.059786
2023-02-10,2.939628,0.046118,0.059815
2023-02-13,2.94405,0.046182,0.059903
2023-02-14,2.945784,0.046205,0.059933
2023-02-15,2.947057,0.04623,0.059961
2023-02-16,2.951209,0.046253,0.059997
2023-02-17,2.951561,0.046285,0.060024
2023-02-20,2.955552,0.046345,0.06011
2023-02-21,2.957636,0.04639,0.060141
2023-02-22,2.959372,0.04656,0.060172
2023-02-23,2.960942,0.046404,0.060203
2023-02-24,2.970777,0.046419,0.060249
2023-02-27,2.975327,0.046489,0.060338
2023-02-28,2.977941,0.046613,0.060371
2023-03-01,2.979502,0.046665,0.060392
2023-03-02,2.981291,0.046732,0.060423
2023-03-03,2.983528,0.0467,0.060455
2023-03-06,2.988723,0.046708,0.060546
2023-03-07,2.990683,0.046865,0.060578
2023-03-08,2.992616,0.046876,0.060609
2023-03-09,2.994698,0.046839,0.06064
2023-03-10,2.996656,0.046875,0.060681
2023-03-13,3.002009,0.046912,0.060755
2023-03-14,3.003964,0.046924,0.060787
2023-03-15,3.005771,0.046893,0.06082
2023-03-16,3.00915,0.046934,0.060851
2023-03-17,3.011155,0.047012,0.060875
2023-03-20,3.003578,0.046892,0.060932
2023-03-21,3.005558,0.04689,0.060966
2023-03-22,3.007415,0.04704,0.060997
2023-03-23,3.010526,0.047097,0.061032
2023-03-24,3.012452,0.047135,0.061067
2023-03-27,3.021031,0.047213,0.061169
2023-03-28,3.021877,0.047229,0.061198
2023-03-29,3.023798,0.047218,0.061231
2023-03-30,3.025752,0.047271,0.061264
2023-03-31,3.027805,0.047281,0.061296
2023-04-03,3.032896,0.047343,0.061393
2023-04-04,3.03464,0.047375,0.06142
2023-04-05,3.036561,0.047455,0.061454
2023-04-06,3.038311,0.047472,0.061487
2023-04-07,3.039671,0.047498,0.061517
2023-04-10,3.045083,0.047537,0.061619
2023-04-11,3.046776,0.047615,0.061651
2023-04-12,3.048646,0.047644,0.061681
2023-04-13,3.046112,0.047682,0.061708
2023-04-14,3.049216,0.047722,0.061738
2023-04-17,3.056169,0.047784,0.06184
2023-04-18,3.057127,0.047801,0.061875
2023-04-19,3.057967,0.047815,0.061909
2023-04-20,3.059494,0.047851,0.061944
2023-04-24,3.066085,0.047956,0.062082
2023-04-25,3.068869,0.047988,0.062116
2023-04-26,3.072993,0.047988,0.062146
2023-04-27,3.076694,0.04798,0.062181
2023-04-28,3.078957,0.04801,0.062215
2023-05-02,3.086035,0.04811,0.062353
2023-05-03,3.086399,0.048069,0.062379
2023-05-04,3.088674,0.048089,0.062411
2023-05-05,3.093291,0.04812,0.062449
2023-05-08,3.099667,0.04818,0.062557
2023-05-09,3.102117,0.048239,0.062588
2023-05-10,3.104795,0.048235,0.062626
2023-05-11,3.105677,0.048243,0.062652
2023-05-12,3.107869,0.048376,0.062682
2023-05-15,3.111277,0.048433,0.062787
2023-05-16,3.111668,0.048345,0.062829
2023-05-17,3.111965,0.048488,0.062871
2023-05-18,3.113644,0.048562,0.062907
2023-05-22,3.116215,0.048638,0.063064
2023-05-23,3.119175,0.04866,0.063104
2023-05-24,3.12024,0.048714,0.063143
2023-05-25,3.124495,0.048743,0.063176
2023-05-26,3.126977,0.048762,0.063213
2023-05-29,3.134607,0.048929,0.063326
2023-05-30,3.137659,0.04909,0.063369
2023-05-31,3.146899,0.049199,0.063403
2023-06-01,3.160499,0.049284,0.063443
2023-06-02,3.164783,0.049457,0.063477
2023-06-05,3.172648,0.049632,0.063583
2023-06-06,3.181144,0.049806,0.063614
2023-06-07,3.189644,0.049909,0.063656
2023-06-08,3.221565,0.050067,0.063703
2023-06-09,3.24109,0.050444,0.063751
2023-06-12,3.25104,0.050616,0.063883
2023-06-13,3.256975,0.050719,0.063922
2023-06-14,3.261116,0.050698,0.063966
2023-06-15,3.263231,0.050686,0.064012
2023-06-16,3.264083,0.05073,0.064061
2023-06-19,3.270949,0.050857,0.064194
2023-06-20,3.273854,0.050861,0.064238
2023-06-21,3.273991,0.050862,0.064281
2023-06-22,3.274501,0.05088,0.064284
2023-06-23,3.276078,0.050947,0.064328
2023-06-26,3.308015,0.051113,0.064461
2023-06-27,3.331522,0.051185,0.064514
2023-07-03,3.348305,0.051429,0.06479
2023-07-04,3.354058,0.0515,0.06484
2023-07-05,3.357064,0.051513,0.064909
2023-07-06,3.360519,0.051494,0.064985
2023-07-07,3.36219,0.051572,0.065038
2023-07-10,3.366813,0.051696,0.065177
2023-07-11,3.369555,0.05179,0.065222
2023-07-12,3.372723,0.051864,0.065267
2023-07-13,3.375005,0.051907,0.06531
2023-07-14,3.379109,0.052006,0.065367
2023-07-17,3.386275,0.052141,0.065522
2023-07-18,3.390025,0.052248,0.065574
2023-07-19,3.400445,0.052476,0.065621
2023-07-20,3.411493,0.052575,0.0657
2023-07-21,3.414571,0.052961,0.065766
2023-07-24,3.420897,0.053117,0.065913
2023-07-25,3.422969,0.053183,0.065967
2023-07-26,3.424923,0.053223,0.066014
2023-07-27,3.42985,0.053324,0.066064
2023-07-28,3.433601,0.053368,0.066109
2023-07-31,3.440061,0.05349,0.066234
2023-08-01,3.441325,0.053577,0.066283
2023-08-02,3.443402,0.053608,0.066326
2023-08-03,3.446171,0.053605,0.06638
2023-08-04,3.4482,0.053662,0.066422
2023-08-07,3.454656,0.053794,0.066552
2023-08-08,3.456261,0.053825,0.066592
2023-08-09,3.458751,0.053861,0.066636
2023-08-10,3.46136,0.053913,0.066676
2023-08-11,3.463525,0.05395,0.066726
2023-08-14,3.46902,0.05406,0.066996
2023-08-15,3.471198,0.054124,0.067037
2023-08-16,3.475621,0.054144,0.066955
2023-08-17,3.476228,0.054174,0.066999
2023-08-18,3.478384,0.054207,0.067055
2023-08-21,3.484428,0.054284,0.067188
2023-08-22,3.487414,0.054327,0.067232
2023-08-23,3.490765,0.05441,0.067283
2023-08-24,3.493773,0.054455,0.06733
2023-08-25,3.495353,0.054452,0.067373
2023-08-28,3.496263,0.054327,0.06749
2023-08-29,3.497358,0.054401,0.067535
2023-08-31,3.502234,0.054495,0.067628
2023-09-01,3.50531,0.054593,0.067669
2023-09-04,3.513712,0.054721,0.067807
2023-09-05,3.516527,0.054783,0.067857
2023-09-06,3.518537,0.054857,0.067903
2023-09-07,3.52004,0.054906,0.067949
2023-09-08,3.522536,0.054961,0.067996
2023-09-11,3.530382,0.055085,0.068135
2023-09-12,3.53257,0.055121,0.068153
2023-09-13,3.534484,0.055152,0.068198
2023-09-14,3.537065,0.055186,0.068241
2023-09-15,3.539158,0.055219,0.068287
2023-09-18,3.545601,0.05534,0.06843
2023-09-19,3.549025,0.055319,0.068478
2023-09-20,3.551961,0.055354,0.068496
2023-09-21,3.554361,0.055396,0.06854
2023-09-22,3.556896,0.055471,0.068571
2023-09-25,3.565062,0.055705,0.068707
2023-09-26,3.568023,0.055858,0.068749
2023-09-27,3.570942,0.05594,0.068774
2023-09-28,3.573043,0.055996,0.0688
2023-09-29,3.575852,0.056042,0.068852
2023-10-02,3.583789,0.056163,0.069008
2023-10-03,3.586275,0.056214,0.06906
2023-10-04,3.58843,0.056251,0.069112
2023-10-05,3.591693,0.056303,0.069189
2023-10-06,3.593549,0.056321,0.069236
2023-10-09,3.601722,0.056415,0.069391
2023-10-10,3.610554,0.056499,0.069443
2023-10-11,3.611295,0.056585,0.069495
2023-10-12,3.613787,0.056626,0.069537
2023-10-13,3.616758,0.056672,0.069585
2023-10-16,3.625093,0.056791,0.069741
2023-10-17,3.629035,0.056875,0.069794
2023-10-18,3.63234,0.056924,0.069802
2023-10-19,3.636403,0.05701,0.069856
2023-10-20,3.63954,0.05706,0.069909
2023-10-23,3.647478,0.057164,0.070073
2023-10-24,3.650901,0.057226,0.070127
2023-10-25,3.654554,0.057313,0.070182
2023-10-26,3.657811,0.057376,0.070238
2023-10-27,3.660685,0.057427,0.070285
2023-10-30,3.669297,0.057546,0.070454
2023-10-31,3.673203,0.057641,0.070511
2023-11-01,3.676696,0.057708,0.070568
2023-11-02,3.680557,0.057806,0.070625
2023-11-03,3.684426,0.057908,0.070683
2023-11-06,3.693963,0.058066,0.070856
2023-11-07,3.697809,0.058136,0.070907
2023-11-08,3.70114,0.058175,0.070968
2023-11-09,3.704697,0.058252,0.071026
2023-11-10,3.707642,0.058282,0.071083
2023-11-13,3.716082,0.058363,0.071257
2023-11-14,3.719608,0.058415,0.071316
2023-11-15,3.722907,0.058543,0.071375
2023-11-16,3.728748,0.058625,0.071429
2023-11-17,3.7324,0.058702,0.071487
2023-11-20,3.742836,0.058828,0.071665
2023-11-21,3.746391,0.058906,0.071724
2023-11-22,3.750509,0.058981,0.071783
2023-11-23,3.753897,0.059022,0.071733
2023-11-24,3.757056,0.059078,0.0718
2023-11-27,3.766705,0.059201,0.071998
2023-11-28,3.770609,0.059298,0.072065
2023-11-29,3.774153,0.059342,0.072131
2023-11-30,3.778146,0.059399,0.072198
2023-12-01,3.781018,0.05939,0.072266
2023-12-04,3.790611,0.059541,0.072466
2023-12-05,3.794539,0.059594,0.072532
2023-12-06,3.797913,0.059651,0.072599
2023-12-07,3.801582,0.059626,0.072679
2023-12-08,3.805881,0.059701,0.072724
2023-12-11,3.816044,0.059804,0.072914
2023-12-12,3.820064,0.059815,0.072979
2023-12-13,3.824473,0.059863,0.073044
2023-12-14,3.828596,0.059867,0.07311
2023-12-15,3.836345,0.060096,0.073176
2023-12-18,3.846891,0.0602,0.073375
2023-12-19,3.850528,0.060241,0.073442
2023-12-20,3.854402,0.060275,0.073508
2023-12-21,3.858744,0.0603,0.073573
2023-12-22,3.862302,0.060379,0.073754
2023-12-25,3.873365,0.06051,0.073947
2023-12-26,3.878002,0.060583,0.074018
2023-12-27,3.88463,0.060643,0.074116
2023-12-28,3.889046,0.06072,0.074182
2023-12-29,3.893231,0.060838,0.074247
2024-01-02,3.8994,0.060896,0.074514
2024-01-03,3.905835,0.061039,0.074541
2024-01-04,3.907276,0.0611,0.074608
2024-01-05,3.910363,0.061197,0.074672
2024-01-08,3.920466,0.061439,0.074875
2024-01-09,3.924853,0.06151,0.074944
2024-01-10,3.928921,0.061602,0.075023
2024-01-11,3.933222,0.061667,0.075106
2024-01-12,3.938112,0.061737,0.075173
2024-01-15,3.949828,0.061935,0.07536
2024-01-16,3.95413,0.062004,0.075423
2024-01-17,3.95671,0.062054,0.075439
2024-01-18,3.960092,0.062117,0.075498
2024-01-19,3.964074,0.062186,0.075566
2024-01-22,3.975556,0.062378,0.075771
2024-01-23,3.979152,0.062453,0.075829
2024-01-24,3.982871,0.062525,0.075883
2024-01-25,3.987192,0.0626,0.075951
2024-01-26,3.991076,0.062665,0.076017
2024-01-29,4.002745,0.062848,0.076224
2024-01-30,4.007399,0.062923,0.076295
2024-01-31,4.011374,0.06299,0.076367
2024-02-01,4.014411,0.063055,0.076439
2024-02-02,4.0181,0.063041,0.07649
2024-02-05,4.031206,0.063249,0.076707
2024-02-06,4.035397,0.063334,0.07678
2024-02-07,4.039605,0.063408,0.076854
2024-02-08,4.044221,0.063482,0.076929
2024-02-09,4.048131,0.063615,0.077048
2024-02-12,4.060689,0.063825,0.077302
2024-02-13,4.066121,0.063891,0.077386
2024-02-14,4.070585,0.063957,0.077482
2024-02-15,4.073392,0.064022,0.077594
2024-02-16,4.077941,0.064092,0.077681
2024-02-19,4.090237,0.064295,0.077941
2024-02-20,4.095327,0.064377,0.078029
2024-02-21,4.099703,0.064453,0.078112
2024-02-22,4.106697,0.064875,0.078264
2024-02-23,4.111298,0.064954,0.078347
2024-02-26,4.124244,0.065164,0.078495
2024-02-27,4.128881,0.065236,0.07857
2024-02-28,4.133295,0.065314,0.07865
2024-02-29,4.138282,0.065387,0.078719
2024-03-01,4.142706,0.065462,0.078799
2024-03-04,4.156745,0.065677,0.079031
2024-03-05,4.161808,0.065771,0.079103
2024-03-06,4.167489,0.065859,0.07914
2024-03-07,4.173421,0.065946,0.079218
2024-03-08,4.179756,0.066037,0.07931
2024-03-11,4.194008,0.06625,0.07957
2024-03-12,4.197926,0.066001,0.079557
2024-03-13,4.204039,0.066216,0.079642
2024-03-14,4.209021,0.066299,0.079721
2024-03-15,4.214142,0.066368,0.079801
2024-03-18,4.227438,0.066574,0.080044
2024-03-19,4.233203,0.066634,0.080124
2024-03-20,4.237923,0.066707,0.080204
2024-03-21,4.242996,0.066785,0.080288
2024-03-22,4.248782,0.066861,0.08037
2024-03-25,4.257211,0.066938,0.08063
2024-03-26,4.262852,0.067025,0.080682
2024-03-27,4.267605,0.067096,0.080766
2024-03-28,4.272796,0.067186,0.080832
2024-03-29,4.278941,0.067279,0.080889
2024-04-01,4.292853,0.067479,0.081126
2024-04-02,4.297917,0.067571,0.08121
2024-04-03,4.300024,0.067554,0.08131
2024-04-04,4.302769,0.067556,0.081411
2024-04-05,4.306235,0.067609,0.081451
2024-04-08,4.320796,0.067817,0.081703
2024-04-09,4.326211,0.067895,0.081787
2024-04-15,4.35421,0.068281,0.082293
2024-04-16,4.360513,0.068401,0.082375
2024-04-17,4.365414,0.068479,0.082459
2024-04-18,4.371215,0.068568,0.082544
2024-04-19,4.37553,0.068636,0.082631
2024-04-22,4.390277,0.068854,0.08289
2024-04-24,4.400104,0.068996,0.082999
2024-04-25,4.404766,0.069062,0.083086
2024-04-26,4.409276,0.069132,0.083174
2024-04-29,4.422849,0.069341,0.083423
2024-04-30,4.426894,0.069394,0.083515
2024-05-02,4.435484,0.069528,0.083695
2024-05-03,4.440444,0.069606,0.083785
2024-05-06,4.454959,0.069809,0.084093
2024-05-07,4.459819,0.069878,0.084183
2024-05-08,4.464796,0.069971,0.084273
2024-05-09,4.469727,0.070045,0.084373
2024-05-10,4.474433,0.070106,0.084465
2024-05-13,4.489297,0.070344,0.08476
2024-05-14,4.494047,0.070437,0.084878
2024-05-15,4.499435,0.070495,0.085016
2024-05-16,4.50505,0.070584,0.085104
2024-05-17,4.509607,0.070782,0.085195
2024-05-20,4.524892,0.071025,0.085519
2024-05-21,4.529786,0.071119,0.085668
2024-05-22,4.53508,0.071208,0.085887
2024-05-23,4.539226,0.071277,0.086174
2024-05-24,4.544349,0.071363,0.086265
2024-05-27,4.559911,0.071567,0.086517
2024-05-28,4.565026,0.071642,0.08662
2024-05-29,4.570149,0.071724,0.086776
2024-05-30,4.575466,0.071806,0.086918
2024-05-31,4.58138,0.071875,0.087013
2024-06-03,4.596433,0.07211,0.087348
2024-06-04,4.600078,0.072187,0.087408
2024-06-05,4.60645,0.072277,0.087505
2024-06-06,4.613268,0.072359,0.087599
2024-06-07,4.61626,0.072439,0.087696
2024-06-10,4.632228,0.072685,0.087986
2024-06-11,4.638967,0.072761,0.088081
2024-06-12,4.643559,0.072826,0.08808
2024-06-13,4.649212,0.072907,0.088181
2024-06-14,4.653956,0.073017,0.088548
2024-06-20,4.690896,0.073553,0.08915
2024-06-21,4.696941,0.073657,0.089244
2024-06-24,4.715134,0.073948,0.089488
2024-06-25,4.720986,0.07405,0.08959
2024-06-26,4.727207,0.074126,0.089676
2024-06-27,4.732524,0.074205,0.089789
2024-06-28,4.737504,0.074282,0.089883
2024-07-01,4.753855,0.074546,0.090177
2024-07-02,4.757516,0.074637,0.090192
2024-07-03,4.76305,0.074694,0.090349
2024-07-04,4.767422,0.074782,0.090416
2024-07-05,4.773332,0.074875,0.090537
2024-07-08,4.790935,0.075095,0.090864
2024-07-09,4.79644,0.075182,0.090981
2024-07-10,4.802875,0.075262,0.091065
2024-07-11,4.809315,0.075345,0.091153
2024-07-12,4.814983,0.07543,0.09126
2024-07-16,4.837649,0.075793,0.091651
2024-07-17,4.844481,0.075871,0.091732
2024-07-18,4.850187,0.075966,0.091895
2024-07-19,4.855837,0.076055,0.092007
2024-07-22,4.872058,0.076317,0.092361
2024-07-23,4.877086,0.076404,0.092422
2024-07-24,4.88212,0.07648,0.092515
2024-07-25,4.887144,0.07656,0.092585
2024-07-26,4.894087,0.076627,0.092669
2024-07-29,4.910879,0.076852,0.092952
2024-07-30,4.916527,0.076945,0.092974
2024-07-31,4.922418,0.076961,0.093095
2024-08-01,4.928623,0.077034,0.09319
2024-08-02,4.934411,0.077133,0.093179
2024-08-05,4.951227,0.077387,0.093443
2024-08-06,4.958356,0.077371,0.093518
2024-08-07,4.965071,0.077345,0.093623
2024-08-08,4.971676,0.077464,0.093761
2024-08-09,4.976905,0.077588,0.09384
2024-08-12,4.994328,0.077943,0.094123
2024-08-13,5.000246,0.078069,0.094242
2024-08-14,5.007964,0.078153,0.094289
2024-08-15,5.013775,0.078256,0.094486
2024-08-16,5.020273,0.078358,0.09462
2024-08-19,5.037707,0.078618,0.094972
2024-08-20,5.044239,0.078755,0.095075
2024-08-21,5.05118,0.078885,0.095249
2024-08-22,5.057902,0.078913,0.095446
2024-08-23,5.063622,0.07903,0.095484
2024-08-26,5.081047,0.079167,0.095713
2024-08-27,5.087167,0.079286,0.095791
2024-08-28,5.093249,0.079386,0.095887
2024-08-29,5.099112,0.079491,0.095976
2024-09-02,5.121634,0.079856,0.096359
2024-09-03,5.126647,0.079978,0.096376
2024-09-04,5.132188,0.079997,0.096544
2024-09-05,5.138501,0.080137,0.096632
2024-09-06,5.143966,0.080218,0.096778
2024-09-09,5.161356,0.080396,0.097109
2024-09-10,5.167853,0.080505,0.097191
2024-09-11,5.174048,0.080554,0.097282
2024-09-12,5.179525,0.080584,0.097376
2024-09-13,5.184824,0.080603,0.097456
2024-09-16,5.201742,0.080968,0.097796
2024-09-17,5.208266,0.08119,0.097896
2024-09-18,5.215069,0.081294,0.098002
2024-09-19,5.221759,0.081394,0.098094
2024-09-20,5.227336,0.081608,0.098217
2024-09-23,5.244284,0.081919,0.098497
2024-09-24,5.250832,0.082019,0.098546
2024-09-25,5.257134,0.082145,0.098618
2024-09-26,5.263351,0.082263,0.098686
2024-09-27,5.269354,0.08231,0.098887
2024-09-30,5.287058,0.082632,0.099168
2024-10-01,5.293242,0.082735,0.099406
2024-10-02,5.299208,0.082649,0.099486
2024-10-03,5.305137,0.082736,0.099577
2024-10-04,5.310624,0.082737,0.099676
2024-10-07,5.33205,0.083027,0.100005
2024-10-08,5.338144,0.083158,0.100113
2024-10-09,5.344214,0.083178,0.100224
2024-10-10,5.34981,0.083183,0.100324
2024-10-11,5.35516,0.083247,0.100424
2024-10-14,5.372466,0.08346,0.100736
2024-10-15,5.378581,0.083512,0.100798
2024-10-16,5.384387,0.083692,0.100926
2024-10-17,5.389795,0.083908,0.101073
2024-10-18,5.395084,0.084067,0.101203
2024-10-21,5.413152,0.084304,0.101529
2024-10-22,5.419052,0.084405,0.101621
2024-10-23,5.424474,0.084563,0.101742
2024-10-24,5.431718,0.084624,0.101869
2024-10-25,5.437595,0.084737,0.101992
2024-10-28,5.455392,0.085023,0.102354
2024-10-30,5.466928,0.085273,0.102654
2024-10-31,5.472655,0.085445,0.102745
2024-11-01,5.477952,0.08553,0.102869
2024-11-04,5.495723,0.08582,0.103207
2024-11-05,5.502274,0.08584,0.103261
2024-11-06,5.50801,0.085881,0.103388
2024-11-07,5.512816,0.086059,0.103533
2024-11-08,5.519066,0.086252,0.103724
2024-11-11,5.538737,0.086651,0.104056
2024-11-12,5.545024,0.086839,0.104194
2024-11-13,5.550942,0.086909,0.104282
2024-11-14,5.556888,0.087007,0.10435
2024-11-15,5.563,0.087127,0.104443
2024-11-18,5.581214,0.087441,0.104759
2024-11-19,5.587995,0.087543,0.104849
2024-11-20,5.594932,0.087627,0.105072
2024-11-21,5.600031,0.087591,0.105155
2024-11-22,5.606322,0.087716,0.105303
2024-11-25,5.624765,0.088094,0.105666
2024-11-26,5.631216,0.088316,0.105778
2024-11-27,5.63911,0.088409,0.105879
2024-11-28,5.64551,0.088494,0.105986
2024-11-29,5.651591,0.088554,0.106116
2024-12-02,5.670105,0.088875,0.106464
2024-12-03,5.676733,0.089037,0.106562
2024-12-04,5.68354,0.089168,0.106689
2024-12-05,5.689606,0.089279,0.106796
2024-12-06,5.695932,0.089383,0.106892
2024-12-09,5.714683,0.08964,0.107231
2024-12-10,5.721912,0.089901,0.107402
2024-12-11,5.72798,0.089946,0.107529
2024-12-12,5.734285,0.090064,0.107662
2024-12-13,5.740101,0.090141,0.107764
2024-12-16,5.758819,0.090438,0.108109
2024-12-17,5.76499,0.090524,0.108214
2024-12-18,5.770821,0.090591,0.108314
2024-12-19,5.779115,0.090632,0.108416
2024-12-20,5.784761,0.09066,0.108522
2024-12-23,5.803032,0.090883,0.108866
2024-12-24,5.809652,0.090923,0.10897
2024-12-25,5.816245,0.091053,0.109087
2024-12-26,5.822799,0.091204,0.10921
2024-12-27,5.82902,0.091353,0.109319
2024-12-30,5.846489,0.091684,0.109677
2024-12-31,5.85297,0.091776,0.109791
2025-01-02,5.865935,0.091999,0.109936
2025-01-03,5.871897,0.09217,0.110133
2025-01-06,5.89093,0.092412,0.110472
2025-01-07,5.897107,0.092515,0.110606
2025-01-08,5.903091,0.092582,0.110734
2025-01-09,5.908966,0.09265,0.110851
2025-01-10,5.915872,0.092804,0.110984
2025-01-13,5.936562,0.093102,0.111368
2025-01-14,5.94219,0.093121,0.111481
2025-01-15,5.94854,0.093185,0.111602
2025-01-16,5.955059,0.093276,0.111701
2025-01-17,5.96138,0.093379,0.111813
2025-01-20,5.98073,0.093698,0.112154
2025-01-21,5.988324,0.093845,0.112224
2025-01-22,5.995447,0.09392,0.112353
2025-01-23,6.002606,0.094002,0.112487
2025-01-24,6.00896,0.094189,0.112601
2025-01-27,6.028353,0.094499,0.112943
2025-01-28,6.035482,0.094568,0.113081
2025-01-29,6.042439,0.094656,0.113217
2025-01-30,6.048843,0.094778,0.113344
2025-01-31,6.055844,0.094854,0.113464
2025-02-03,6.075565,0.095111,0.11379
2025-02-04,6.083262,0.095164,0.113904
2025-02-05,6.089884,0.095236,0.114017
2025-02-06,6.096162,0.095332,0.11414
2025-02-07,6.102642,0.095401,0.114265
2025-02-10,6.122027,0.095756,0.114605
2025-02-11,6.12856,0.095852,0.114717
2025-02-12,6.134768,0.095941,0.114826
2025-02-13,6.141585,0.095988,0.11491
2025-02-14,6.148228,0.096104,0.115029
2025-02-17,6.167984,0.096369,0.115374
2025-02-18,6.174761,0.096456,0.115482
2025-02-19,6.181444,0.096542,0.115598
2025-02-20,6.188112,0.096617,0.115708
2025-02-21,6.194619,0.096695,0.115819
2025-02-24,6.214182,0.096918,0.116152
2025-02-25,6.220843,0.096934,0.116266
2025-02-26,6.227713,0.096964,0.116422
2025-02-27,6.234118,0.097035,0.116536
2025-02-28,6.24067,0.097208,0.11664
2025-03-03,6.260192,0.097522,0.116985
2025-03-04,6.266789,0.097709,0.117102
2025-03-05,6.272796,0.097775,0.117251
2025-03-06,6.279075,0.097993,0.117627
2025-03-07,6.285191,0.098262,0.117753
2025-03-10,6.304215,0.098629,0.118099
2025-03-11,6.31177,0.098675,0.118222
2025-03-12,6.318696,0.098794,0.118335
2025-03-13,6.325378,0.09889,0.118563
2025-03-14,6.329605,0.09907,0.118694
2025-03-17,6.348849,0.09943,0.119065
2025-03-18,6.356252,0.099605,0.119184
2025-03-19,6.362007,0.099677,0.119273
2025-03-20,6.375406,0.099494,0.119346
2025-03-21,6.382014,0.099508,0.119475
2025-03-24,6.399668,0.099636,0.119833
2025-03-25,6.405821,0.099678,0.119867
2025-03-26,6.413229,0.099933,0.119679
2025-03-27,6.420136,0.10011,0.119801
2025-03-28,6.425892,0.10012,0.119908
2025-04-02,6.457438,0.100645,0.120881
2025-04-03,6.465091,0.101166,0.120921
2025-04-04,6.471914,0.100837,0.120719
2025-04-07,6.491358,0.101072,0.121288
2025-04-08,6.496506,0.101059,0.121011
2025-04-09,6.500929,0.101264,0.121132
2025-04-10,6.506211,0.101307,0.120802
2025-04-11,6.514158,0.101444,0.121364
2025-04-14,6.532876,0.101699,0.121555
2025-04-15,6.540164,0.101915,0.121963
2025-04-16,6.547446,0.101993,0.121606
2025-04-17,6.554755,0.101999,0.12208
2025-04-18,6.561413,0.102134,0.122133
2025-04-21,6.581037,0.10248,0.122488
2025-04-22,6.588534,0.102542,0.122608
2025-04-24,6.601902,0.102735,0.122847
2025-04-25,6.609678,0.102896,0.122968
2025-04-28,6.629999,0.103212,0.123332
2025-04-29,6.637068,0.103288,0.123451
2025-04-30,6.643745,0.103356,0.12357
2025-05-02,6.657606,0.103514,0.123906
2025-05-05,6.67773,0.103851,0.124273
2025-05-06,6.685793,0.103939,0.124398
2025-05-07,6.692941,0.104074,0.12452
2025-05-08,6.701103,0.104185,0.124904
2025-05-09,6.708302,0.104411,0.125026
2025-05-12,6.728917,0.10475,0.125393
2025-05-13,6.737091,0.104885,0.125516
2025-05-14,6.744457,0.105031,0.125639
2025-05-15,6.751158,0.105153,0.125759
2025-05-16,6.757379,0.105252,0.125344
2025-05-20,6.785192,0.105769,0.125852
2025-05-21,6.793355,0.105879,0.125978
2025-05-22,6.800325,0.106039,0.126141
2025-05-23,6.80772,0.106143,0.126267
2025-05-26,6.829328,0.106465,0.126675
2025-05-27,6.836887,0.106553,0.126873
2025-05-28,6.844145,0.106468,0.127033
2025-05-29,6.8514,0.106444,0.127162
2025-05-30,6.858995,0.106265,0.127277
2025-06-02,6.880974,0.106347,0.12767
2025-06-03,6.88878,0.106423,0.127799
2025-06-04,6.89617,0.106364,0.127932
2025-06-05,6.903564,0.107156,0.128063
2025-06-10,6.940312,0.107717,0.128724
2025-06-11,6.948296,0.107929,0.128855
2025-06-12,6.955763,0.108409,0.128986
2025-06-13,6.963892,0.108226,0.129119
2025-06-16,6.985848,0.108111,0.1295
2025-06-17,6.994005,0.108211,0.129635
2025-06-18,7.001496,0.108331,0.129769
2025-06-19,7.010017,0.108413,0.129904
2025-06-20,7.01785,0.108359,0.130039
2025-06-23,7.041005,0.10863,0.130505
2025-06-24,7.049505,0.108788,0.130642
2025-06-25,7.056482,0.108919,0.130823
2025-06-26,7.064299,0.109222,0.130958
2025-06-27,7.072572,0.109287,0.131099
2025-06-30,7.096249,0.109591,0.131504
2025-07-01,7.104719,0.110161,0.131916
2025-07-02,7.113332,0.110975,0.132217
2025-07-03,7.120926,0.111243,0.132354
2025-07-04,7.128171,0.111532,0.132517
2025-07-07,7.151855,0.112062,0.132922
2025-07-08,7.160772,0.111984,0.133064
2025-07-09,7.168709,0.11191,0.133189
2025-07-10,7.176865,0.112206,0.133347
2025-07-11,7.185058,0.112492,0.133478
2025-07-14,7.208642,0.112963,0.133997
2025-07-16,7.225092,0.11303,0.134269
2025-07-17,7.234677,0.113189,0.134412
2025-07-18,7.242826,0.113299,0.13455
2025-07-21,7.266872,0.113723,0.134959
2025-07-22,7.275917,0.114033,0.135095
2025-07-23,7.284363,0.114151,0.135231
2025-07-24,7.292775,0.114392,0.135377
2025-07-25,7.300971,0.114442,0.135586
2025-07-28,7.324809,0.114785,0.135996
2025-07-29,7.333753,0.114877,0.136185
2025-07-30,7.343062,0.114979,0.136343
2025-07-31,7.350729,0.115045,0.136516
2025-08-01,7.358896,0.115275,0.136713
2025-08-04,7.382701,0.115713,0.137129
2025-08-05,7.391731,0.11589,0.137283
2025-08-06,7.40019,0.115978,0.137432
2025-08-07,7.407856,0.116113,0.13758
2025-08-08,7.415874,0.116216,0.13772
2025-08-11,7.439297,0.116547,0.138139
2025-08-12,7.448233,0.116584,0.138279
2025-08-13,7.456549,0.116669,0.138413
2025-08-14,7.46557,0.11685,0.138549
2025-08-15,7.474766,0.116915,0.138696
2025-08-18,7.499316,0.117167,0.139143
2025-08-19,7.507842,0.11736,0.139286
2025-08-20,7.516058,0.1175,0.139427
2025-08-21,7.523961,0.117701,0.13957
2025-08-22,7.531846,0.117986,0.139712
2025-08-25,7.555882,0.118403,0.140133
2025-08-26,7.56471,0.118684,0.140279
2025-08-27,7.573033,0.118827,0.140429
2025-08-28,7.580971,0.11896,0.140571
2025-08-29,7.589062,0.11899,0.140711
2025-09-01,7.612196,0.119441,0.14115
2025-09-02,7.62077,0.119503,0.141299
2025-09-03,7.62814,0.119507,0.141441
2025-09-04,7.636208,0.119184,0.141586
2025-09-05,7.644645,0.119284,0.141728
2025-09-08,7.669059,0.119671,0.142153
2025-09-09,7.677446,0.11956,0.142295
2025-09-10,7.685157,0.119551,0.142438
2025-09-11,7.693338,0.119734,0.142581
2025-09-12,7.701782,0.119908,0.142722
2025-09-15,7.724936,0.120161,0.143181
2025-09-16,7.733626,0.120614,0.143456
2025-09-17,7.74181,0.121034,0.143657
2025-09-18,7.749685,0.121681,0.14395
2025-09-19,7.757497,0.121601,0.144226
2025-09-22,7.780895,0.122023,0.144706
2025-09-23,7.789225,0.122343,0.144922
2025-09-24,7.797227,0.122556,0.145077
2025-09-25,7.80517,0.122554,0.14521
2025-09-26,7.813034,0.122751,0.145361
2025-09-29,7.836888,0.123257,0.145792
2025-09-30,7.845472,0.123307,0.145946
2025-10-01,7.853584,0.123328,0.146077
2025-10-02,7.862558,0.123504,0.146257
2025-10-03,7.871102,0.123614,0.146379
2025-10-06,7.894458,0.12397,0.146777
2025-10-07,7.903402,0.123944,0.146954
2025-10-08,7.911551,0.124079,0.147142
2025-10-09,7.91968,0.124207,0.147286
2025-10-10,7.927618,0.124295,0.147423
2025-10-13,7.951294,0.124724,0.147842
2025-10-14,7.959725,0.124778,0.14795
2025-10-15,7.966589,0.124759,0.148064
2025-10-16,7.975429,0.124913,0.148214
2025-10-17,7.983356,0.12499,0.148361
2025-10-20,8.006361,0.125295,0.148789
2025-10-21,8.014819,0.125402,0.148925
2025-10-22,8.023084,0.125598,0.149064
2025-10-23,8.031064,0.125677,0.149204
2025-10-24,8.039031,0.125872,0.14935
2025-10-27,8.062269,0.126333,0.149789
2025-10-28,8.070879,0.126474,0.149941
2025-10-30,8.08651,0.126756,0.150231
2025-10-31,8.094301,0.126887,0.150382
2025-11-03,8.117729,0.127276,0.150819
2025-11-04,8.126649,0.127388,0.150965
2025-11-05,8.134736,0.127486,0.151113
2025-11-06,8.14269,0.127553,0.15125
2025-11-07,8.149969,0.127675,0.151395
2025-11-10,8.17353,0.127989,0.151838
2025-11-11,8.182049,0.128101,0.151986
2025-11-12,8.190384,0.128176,0.152138
2025-11-13,8.198395,0.128162,0.152289
2025-11-14,8.206315,0.128279,0.152439
2025-11-17,8.229134,0.128589,0.152868
2025-11-18,8.237526,0.128736,0.15301
2025-11-19,8.245599,0.128788,0.153159
2025-11-20,8.253469,0.129106,0.153306
2025-11-21,8.261535,0.129208,0.153466
2025-11-24,8.28477,0.12952,0.153908
2025-11-25,8.293279,0.129699,0.154062
2025-11-26,8.30125,0.129757,0.154205
2025-11-27,8.308803,0.129839,0.15435
2025-11-28,8.316485,0.129903,0.154509
2025-12-01,8.340555,0.130369,0.154965
2025-12-02,8.348915,0.130531,0.155124
2025-12-03,8.356843,0.130756,0.155276
2025-12-04,8.364813,0.130703,0.1554
2025-12-05,8.372771,0.130951,0.155566
2025-12-08,8.39675,0.131473,0.156017
2025-12-09,8.405842,0.131556,0.156161
2025-12-10,8.412871,0.131679,0.156325
2025-12-11,8.420819,0.13195,0.15648
2025-12-12,8.429168,0.132284,0.156629
2025-12-15,8.452663,0.132647,0.157073
2025-12-16,8.461393,0.132913,0.157217
2025-12-17,8.469471,0.132983,0.157364
2025-12-18,8.477923,0.133069,0.15751
2025-12-19,8.486402,0.133033,0.15766
2025-12-22,8.51003,0.133713,0.158105
2025-12-23,8.518579,0.133447,0.158256
2025-12-24,8.526533,0.133576,0.158401
2025-12-25,8.534379,0.133767,0.15855
2025-12-26,8.542388,0.133867,0.158703
2025-12-29,8.565959,0.134683,0.15914
2025-12-30,8.58591,0.134359,0.159285
2025-12-31,8.59374,0.134393,0.159464
2026-01-02,8.609297,0.135137,0.160026
2026-01-05,8.633671,0.135272,0.160505
2026-01-06,8.64275,0.135559,0.16065
2026-01-07,8.649357,0.135891,0.160818
2026-01-08,8.658003,0.136069,0.160966
2026-01-09,8.658029,0.136406,0.161121
2026-01-12,8.687384,0.137022,0.161568
2026-01-13,8.695138,0.137283,0.161711
2026-01-14,8.703254,0.137637,0.161883
2026-01-15,8.710746,0.13786,0.162041
2026-01-16,8.718069,0.137975,0.162209
2026-01-19,8.740836,0.138474,0.16265
2026-01-20,8.748853,0.138827,0.162863
2026-01-21,8.757648,0.13901,0.163018
2026-01-22,8.765815,0.139068,0.163194
2026-01-23,8.774251,0.13927,0.163381
2026-01-26,8.798755,0.139697,0.163885
2026-01-27,8.806647,0.139886,0.164067
2026-01-28,8.814619,0.140088,0.164248
2026-01-29,8.822849,0.140289,0.164403
2026-01-30,8.830418,0.140504,0.164564
2026-02-02,8.852467,0.140773,0.164952
2026-02-03,8.859924,0.140736,0.165032
2026-02-04,8.867791,0.140912,0.165199
2026-02-05,8.875208,0.141066,0.165346
2026-02-06,8.882886,0.141196,0.165507
2026-02-09,8.905214,0.141564,0.165926
2026-02-10,8.913165,0.141644,0.166048
2026-02-11,8.921272,0.141786,0.166203
2026-02-12,8.929087,0.141914,0.166347
2026-02-13,8.935038,0.141958,0.166475
2026-02-16,8.958748,0.14247,0.166924
2026-02-17,8.966997,0.142614,0.167064
2026-02-18,8.974382,0.142771,0.167234
2026-02-19,8.98064,0.142896,0.167357
2026-02-20,8.98721,0.142953,0.167512
2026-02-23,9.009429,0.143305,0.167802
2026-02-24,9.017782,0.143443,0.167892
2026-02-25,9.025664,0.143545,0.168021
2026-02-26,9.03339,0.143574,0.168118
2026-02-27,9.040209,0.143669,0.168258
2026-03-02,9.063181,0.144099,0.168716
2026-03-03,9.066379,0.143875,0.16881
2026-03-04,9.072854,0.143947,0.168958
2026-03-05,9.081303,0.144107,0.16911
2026-03-06,9.089227,0.14437,0.169245
2026-03-09,9.111344,0.144676,0.169702
2026-03-10,9.11729,0.144758,0.169797
2026-03-11,9.125679,0.14498,0.16996
2026-03-12,9.132473,0.145082,0.170109
2026-03-13,9.141663,0.145265,0.170254
2026-03-16,9.166252,0.145636,0.17069
2026-03-17,9.174549,0.145849,0.170842
2026-03-18,9.182771,0.145973,0.170996
2026-03-19,9.191962,0.146111,0.171172
2026-03-23,9.224133,0.146676,0.171762
2026-03-24,9.232049,0.14679,0.171907
2026-03-25,9.240743,0.146919,0.172034
2026-03-26,9.248942,0.147057,0.17219
2026-03-27,9.254666,0.147161,0.172394
2026-03-30,9.280123,0.147611,0.172901
2026-03-31,9.288312,0.147744,0.173072
2026-04-01,9.293547,0.147856,0.172992
2026-04-02,9.303503,0.148029,0.173244
2026-04-03,9.310511,0.148164,0.173295
2026-04-06,9.335422,0.148575,0.173762
2026-04-07,9.344784,0.148736,0.173944
2026-04-08,9.352852,0.148852,0.174032
2026-04-09,9.362851,0.149081,0.174242
2026-04-10,9.371429,0.149215,0.174321
2026-04-13,9.399961,0.149694,0.174884
2026-04-14,9.409525,0.14986,0.175036
2026-04-15,9.420328,0.149979,0.175223
2026-04-16,9.43037,0.150167,0.175417
2026-04-17,9.443431,0.150307,0.175619
2026-04-20,9.472585,0.150808,0.176213
2026-04-21,9.484318,0.150979,0.176379
2026-04-22,9.494642,0.151137,0.176556
2026-04-24,9.512328,0.151421,0.176893
2026-04-27,9.534366,0.151811,0.177319
2026-04-28,9.542932,0.152065,0.177474
2026-04-29,9.548989,0.152149,0.177618
2026-04-30,9.55972,0.152307,0.177794
2026-05-04,9.59444,0.152884,0.178415
2026-05-05,9.603206,0.153098,0.178533
2026-05-06,9.611698,0.153271,0.17871
2026-05-07,9.631287,0.153418,0.178907
2026-05-08,9.647943,0.153641,0.179093
2026-05-11,9.66968,0.154113,0.17958
2026-05-12,9.678124,0.154268,0.179742
2026-05-13,9.687172,0.154443,0.179892
2026-05-14,9.695886,0.15456,0.180056
2026-05-15,9.703873,0.154698,0.180211
2026-05-18,9.730924,0.155126,0.18073
2026-05-20,9.748855,0.155405,0.181054
2026-05-21,9.755215,0.155517,0.181216
2026-05-22,9.764062,0.155525,0.181374
2026-05-25,9.791212,0.156089,0.181864
2026-05-26,9.79626,0.156216,0.181988
2026-06-01,9.851065,0.157109,0.182982
2026-06-02,9.859652,0.157294,0.183146
2026-06-03,9.869555,0.157463,0.183313
2026-06-04,9.877518,0.157632,0.183184
2026-06-05,9.887053,0.157688,0.18335
2026-06-08,9.914731,0.158119,0.183858
2026-06-09,9.94337,0.158297,0.184029
2026-06-10,9.955424,0.158417,0.184196
2026-06-11,9.964447,0.158642,0.184351
2026-06-12,9.975789,0.158702,0.18452
2026-06-15,10.004304,0.159231,0.185024
2026-06-16,10.012087,0.159447,0.185179
2026-06-17,10.024403,0.159623,0.185383
2026-06-18,10.034091,0.159761,0.185558
2026-06-19,10.041535,0.15994,0.185706
2026-06-22,10.070326,0.160457,0.186223
2026-06-23,10.080964,0.160575,0.186402
2026-06-24,10.090136,0.160722,0.186572
2026-06-25,10.101548,0.160799,0.186748
2026-06-26,10.112793,0.16093,0.186944
2026-06-29,10.142575,0.161411,0.187444
2026-06-30,10.151619,0.161483,0.187626
2026-07-01,10.156878,0.161547,0.187214
2026-07-02,10.168791,0.161697,0.187609
2026-07-03,10.177806,0.161893,0.187786
2026-07-06,10.207934,0.16238,0.188313
2026-07-07,10.21649,0.162498,0.188487
2026-07-08,10.225793,0.162625,0.188647
2026-07-09,10.234901,0.162731,0.188818
2026-07-10,10.245398,0.162884,0.188999
2026-07-13,10.275042,0.163471,0.189527
2026-07-14,10.284819,0.163572,0.189703
2026-07-16,10.304822,0.163907,0.190057
2026-07-17,10.314079,0.164133,0.190217
2026-07-20,10.344522,0.164649,0.190769
2026-07-21,10.354724,0.16484,0.190955
2026-07-22,10.36432,0.165017,0.191141
2026-07-23,10.374504,0.16518,0.191317
2026-07-24,10.384486,0.165342,0.191497
2026-07-27,10.415906,0.165829,0.192037
2026-07-28,10.425817,0.165997,0.192213
2026-07-29,10.435953,0.166155,0.192392
2026-07-30,10.446032,0.166337,0.19257
2026-07-31,10.455591,0.166484,0.19273
2026-08-03,10.48295,0.166975,0.193268
2026-08-04,10.492876,0.167145,0.193438
2026-08-05,10.503062,0.167325,0.193631
2026-08-06,10.513151,0.167493,0.193815
2026-08-07,10.523474,0.167626,0.193965
2026-08-10,10.55391,0.168515,0.194525
2026-08-11,10.564151,0.168777,0.194704
2026-08-12,10.574568,0.168946,0.194892
2026-08-13,10.584696,0.169108,0.195079
2026-08-14,10.594905,0.169271,0.195258
2026-08-17,10.625312,0.169737,0.195789
2026-08-18,10.635626,0.169914,0.195959
2026-08-19,10.646041,0.170081,0.196153
2026-08-20,10.656406,0.170277,0.196343
2026-08-21,10.666803,0.170449,0.196523
2026-08-24,10.697521,0.170572,0.197067
2026-08-25,10.707819,0.170751,0.197254
2026-08-26,10.718344,0.170919,0.197444
2026-08-27,10.72867,0.171109,0.197628
2026-08-28,10.739216,0.171349,0.197873
2026-08-31,10.770181,0.171833,0.198391
2026-09-01,10.78054,0.172042,0.198596
2026-09-02,10.790781,0.172223,0.198715
2026-09-03,10.801177,0.172401,0.198957
2026-09-04,10.812047,0.172583,0.199145
2026-09-07,10.842627,0.173098,0.199691
2026-09-08,10.852767,0.173292,0.199886
2026-09-09,10.8647,0.173455,0.200031
2026-09-10,10.874939,0.173619,0.20021
2026-09-11,10.885112,0.173779,0.20039
2026-09-14,10.915565,0.174254,0.200469
2026-09-15,10.925826,0.174421,0.200636
2026-09-16,10.936186,0.174569,0.200845
2026-09-17,10.946424,0.17473,0.20101
2026-09-18,10.956582,0.174883,0.201194
2026-09-21,10.986496,0.175422,0.201758
2026-09-22,10.997036,0.175585,0.201936
